--------------------------------------------------------
--  File created - Saturday-June-03-2023   
--------------------------------------------------------
--------------------------------------------------------
--  DDL for Sequence APIADRESSE_SEQ
--------------------------------------------------------

   CREATE SEQUENCE  "ORA9"."APIADRESSE_SEQ"  MINVALUE 1 MAXVALUE 9999999999999999999999999999 INCREMENT BY 1 START WITH 101 CACHE 20 NOORDER  NOCYCLE  NOKEEP  NOSCALE  GLOBAL ;
--------------------------------------------------------
--  DDL for Sequence APILOCATION_SEQ
--------------------------------------------------------

   CREATE SEQUENCE  "ORA9"."APILOCATION_SEQ"  MINVALUE 1 MAXVALUE 9999999999999999999999999999 INCREMENT BY 1 START WITH 121 CACHE 20 NOORDER  NOCYCLE  NOKEEP  NOSCALE  GLOBAL ;
--------------------------------------------------------
--  DDL for Sequence APITAXI_SEQ
--------------------------------------------------------

   CREATE SEQUENCE  "ORA9"."APITAXI_SEQ"  MINVALUE 1 MAXVALUE 9999999999999999999999999999 INCREMENT BY 1 START WITH 121 CACHE 20 NOORDER  NOCYCLE  NOKEEP  NOSCALE  GLOBAL ;
--------------------------------------------------------
--  DDL for Sequence APITCLIENT_SEQ
--------------------------------------------------------

   CREATE SEQUENCE  "ORA9"."APITCLIENT_SEQ"  MINVALUE 1 MAXVALUE 9999999999999999999999999999 INCREMENT BY 1 START WITH 181 CACHE 20 NOORDER  NOCYCLE  NOKEEP  NOSCALE  GLOBAL ;
--------------------------------------------------------
--  DDL for Table APIADRESSE
--------------------------------------------------------

  CREATE TABLE "ORA9"."APIADRESSE" 
   (	"ID_ADRESSE" NUMBER(*,0), 
	"CP" NUMBER(*,0), 
	"LOCALITE" VARCHAR2(50 BYTE), 
	"RUE" VARCHAR2(50 BYTE), 
	"NUM" VARCHAR2(50 BYTE)
   ) SEGMENT CREATION IMMEDIATE 
  PCTFREE 10 PCTUSED 40 INITRANS 1 MAXTRANS 255 
 NOCOMPRESS LOGGING
  STORAGE(INITIAL 65536 NEXT 1048576 MINEXTENTS 1 MAXEXTENTS 2147483645
  PCTINCREASE 0 FREELISTS 1 FREELIST GROUPS 1
  BUFFER_POOL DEFAULT FLASH_CACHE DEFAULT CELL_FLASH_CACHE DEFAULT)
  TABLESPACE "USERS" ;
--------------------------------------------------------
--  DDL for Table APILOCATION
--------------------------------------------------------

  CREATE TABLE "ORA9"."APILOCATION" 
   (	"ID_LOCATION" NUMBER(*,0), 
	"DATELOC" DATE, 
	"KMTOTAL" NUMBER(*,0), 
	"NBRPASSAGERS" NUMBER(*,0), 
	"TOTAL" NUMBER(10,2), 
	"ID_TAXI" NUMBER(*,0), 
	"ID_ADRESSE" NUMBER(*,0), 
	"ID_ADRESSE_1" NUMBER(*,0), 
	"ID_CLIENT" NUMBER(*,0)
   ) SEGMENT CREATION IMMEDIATE 
  PCTFREE 10 PCTUSED 40 INITRANS 1 MAXTRANS 255 
 NOCOMPRESS LOGGING
  STORAGE(INITIAL 65536 NEXT 1048576 MINEXTENTS 1 MAXEXTENTS 2147483645
  PCTINCREASE 0 FREELISTS 1 FREELIST GROUPS 1
  BUFFER_POOL DEFAULT FLASH_CACHE DEFAULT CELL_FLASH_CACHE DEFAULT)
  TABLESPACE "USERS" ;
--------------------------------------------------------
--  DDL for Table APITAXI
--------------------------------------------------------

  CREATE TABLE "ORA9"."APITAXI" 
   (	"ID_TAXI" NUMBER(*,0), 
	"IMMATRICULATION" VARCHAR2(50 BYTE), 
	"NBREMAXPASSAGERS" NUMBER(*,0), 
	"PRIXKM" NUMBER(10,2)
   ) SEGMENT CREATION IMMEDIATE 
  PCTFREE 10 PCTUSED 40 INITRANS 1 MAXTRANS 255 
 NOCOMPRESS LOGGING
  STORAGE(INITIAL 65536 NEXT 1048576 MINEXTENTS 1 MAXEXTENTS 2147483645
  PCTINCREASE 0 FREELISTS 1 FREELIST GROUPS 1
  BUFFER_POOL DEFAULT FLASH_CACHE DEFAULT CELL_FLASH_CACHE DEFAULT)
  TABLESPACE "USERS" ;
--------------------------------------------------------
--  DDL for Table APITCLIENT
--------------------------------------------------------

  CREATE TABLE "ORA9"."APITCLIENT" 
   (	"ID_CLIENT" NUMBER(*,0), 
	"MAIL" VARCHAR2(70 BYTE), 
	"NOM_CLI" VARCHAR2(50 BYTE), 
	"PRENOM_CLI" VARCHAR2(50 BYTE), 
	"TEL" VARCHAR2(50 BYTE)
   ) SEGMENT CREATION IMMEDIATE 
  PCTFREE 10 PCTUSED 40 INITRANS 1 MAXTRANS 255 
 NOCOMPRESS LOGGING
  STORAGE(INITIAL 65536 NEXT 1048576 MINEXTENTS 1 MAXEXTENTS 2147483645
  PCTINCREASE 0 FREELISTS 1 FREELIST GROUPS 1
  BUFFER_POOL DEFAULT FLASH_CACHE DEFAULT CELL_FLASH_CACHE DEFAULT)
  TABLESPACE "USERS" ;
--------------------------------------------------------
--  DDL for View API_ADR_ORDERCP
--------------------------------------------------------

  CREATE OR REPLACE FORCE EDITIONABLE VIEW "ORA9"."API_ADR_ORDERCP" ("ID_ADRESSE", "RUE", "NUM", "CP", "LOCALITE") AS 
  SELECT id_adresse, rue, num, cp, localite
FROM apiadresse
ORDER BY cp
;
--------------------------------------------------------
--  DDL for View API_LOCAT
--------------------------------------------------------

  CREATE OR REPLACE FORCE EDITIONABLE VIEW "ORA9"."API_LOCAT" ("ID_LOCATION", "DATELOC", "KMTOTAL", "NBRPASSAGERS", "ID_TAXI", "ID_ADRESSE", "ID_ADRESSE_1", "ID_CLIENT") AS 
  SELECT "ID_LOCATION","DATELOC","KMTOTAL","NBRPASSAGERS","ID_TAXI","ID_ADRESSE","ID_ADRESSE_1","ID_CLIENT" FROM APILOCATION
;
--------------------------------------------------------
--  DDL for View API_LOCAT_FULL
--------------------------------------------------------

  CREATE OR REPLACE FORCE EDITIONABLE VIEW "ORA9"."API_LOCAT_FULL" ("ID_LOCATION", "DATELOC", "ID_CLIENT", "ID_TAXI", "IMMATRICULATION", "PRIXKM", "KMTOTAL", "NOM_CLI", "NBRPASSAGERS", "total") AS 
  SELECT l.id_location ,l.dateloc ,l.id_client, l.id_taxi , t.immatriculation, t.prixkm, l.kmtotal,c.nom_cli ,l.nbrpassagers ,t.prixkm * l.kmtotal as "total"  
FROM apilocation l
JOIN apitclient c ON l.id_client = c.id_client
JOIN apitaxi t ON l.id_taxi = t.id_taxi
ORDER BY l.id_location
;
--------------------------------------------------------
--  DDL for View API_LOCAT_SAME_ADR
--------------------------------------------------------

  CREATE OR REPLACE FORCE EDITIONABLE VIEW "ORA9"."API_LOCAT_SAME_ADR" ("ID_LOCATION", "DATELOC", "NBRPASSAGERS", "KMTOTAL", "PRIXKM", "TOTAL", "ID_TAXI", "IMMATRICULATION", "id_adresse", "depart", "id_adresse_1", "arrivee", "nclient", "nomcli") AS 
  SELECT l.id_location , l.dateloc , nbrpassagers , l.kmtotal, t.prixKm ,t.prixkm * l.kmtotal AS total, l.id_taxi , t.immatriculation ,l.id_adresse ,ad.rue || ' , ' || ad.localite AS "depart",  l.id_adresse_1 ,ad.rue || ' , ' || ad.localite AS "arrivee", l.id_client as "nclient", c.nom_cli as "nomcli"
FROM apilocation l
JOIN apitaxi t ON l.id_taxi = t.id_taxi
JOIN apitclient c ON l.id_client = c.id_client
JOIN apiadresse ad ON l.id_adresse = ad.id_adresse
WHERE l.id_adresse = l.id_adresse_1
;
--------------------------------------------------------
--  DDL for View API_LOCAT_SIMPLE
--------------------------------------------------------

  CREATE OR REPLACE FORCE EDITIONABLE VIEW "ORA9"."API_LOCAT_SIMPLE" ("ID_LOCATION", "ID_CLIENT", "ID_TAXI", "IMMATRICULATION", "NOM_CLI", "NBRPASSAGERS", "total") AS 
  SELECT l.id_location ,l.id_client, l.id_taxi , t.immatriculation, c.nom_cli ,l.nbrpassagers ,t.prixkm * l.kmtotal as "total"  
FROM apilocation l
JOIN apitclient c ON l.id_client = c.id_client
JOIN apitaxi t ON l.id_taxi = t.id_taxi
;
--------------------------------------------------------
--  DDL for View API_TAXI_USED
--------------------------------------------------------

  CREATE OR REPLACE FORCE EDITIONABLE VIEW "ORA9"."API_TAXI_USED" ("ID_CLIENT", "NOM_CLI", "PRENOM_CLI", "utilisation", "IMMATRICULATION", "ID_TAXI") AS 
  SELECT DISTINCT c.id_client,c.nom_cli,c.prenom_cli,'à utilisé : ' AS "utilisation",t.immatriculation , t.id_taxi
FROM apilocation l 
JOIN apitclient c ON l.id_client = c.id_client
JOIN apitaxi t ON l.id_taxi = t.id_taxi
ORDER BY c.id_client
;
--------------------------------------------------------
--  DDL for View API_TAXI_USED_FULL
--------------------------------------------------------

  CREATE OR REPLACE FORCE EDITIONABLE VIEW "ORA9"."API_TAXI_USED_FULL" ("ID_CLIENT", "MAIL", "NOM_CLI", "PRENOM_CLI", "TEL", "IMMATRICULATION", "ID_TAXI") AS 
  SELECT DISTINCT c.id_client,c.mail,c.nom_cli,c.prenom_cli, c.tel,t.immatriculation , t.id_taxi
FROM apilocation l 
JOIN apitclient c ON l.id_client = c.id_client
JOIN apitaxi t ON l.id_taxi = t.id_taxi
ORDER BY c.id_client
;
--------------------------------------------------------
--  DDL for View API_TOTKM_TAXI
--------------------------------------------------------

  CREATE OR REPLACE FORCE EDITIONABLE VIEW "ORA9"."API_TOTKM_TAXI" ("ID_TAXI", "IMMATRICULATION", "total_parcourus") AS 
  SELECT t.id_taxi,t.immatriculation, sum(kmtotal) AS "total_parcourus"
FROM apitaxi t
JOIN apilocation l on t.id_taxi = l.id_taxi
GROUP BY t.id_taxi, t.immatriculation
;
--------------------------------------------------------
--  DDL for View API_TOT_ALL_LOCAT
--------------------------------------------------------

  CREATE OR REPLACE FORCE EDITIONABLE VIEW "ORA9"."API_TOT_ALL_LOCAT" ("TOTAL_ALL") AS 
  SELECT SUM(t.prixkm * l.kmtotal) AS total_all
FROM APILOCATION l
JOIN APITAXI t ON l.id_taxi = t.id_taxi
;
REM INSERTING into ORA9.APIADRESSE
SET DEFINE OFF;
Insert into ORA9.APIADRESSE (ID_ADRESSE,CP,LOCALITE,RUE,NUM) values ('1','7000','Mons','Rue Cronque','12');
Insert into ORA9.APIADRESSE (ID_ADRESSE,CP,LOCALITE,RUE,NUM) values ('2','1000','Bruxelles','Rue Grande','1');
Insert into ORA9.APIADRESSE (ID_ADRESSE,CP,LOCALITE,RUE,NUM) values ('3','7100','La Louvière','Rue haute','143A');
Insert into ORA9.APIADRESSE (ID_ADRESSE,CP,LOCALITE,RUE,NUM) values ('4','7080','Frameries','Rue France','16B');
Insert into ORA9.APIADRESSE (ID_ADRESSE,CP,LOCALITE,RUE,NUM) values ('5','1000','Bruxelles','Avenue Louise','20');
Insert into ORA9.APIADRESSE (ID_ADRESSE,CP,LOCALITE,RUE,NUM) values ('33','7000','Mons','Rue Strider','10A');
Insert into ORA9.APIADRESSE (ID_ADRESSE,CP,LOCALITE,RUE,NUM) values ('41','5000','Namur','Rue Thinkpad','12');
Insert into ORA9.APIADRESSE (ID_ADRESSE,CP,LOCALITE,RUE,NUM) values ('62','7000','Mons','Rue loup','100A');
Insert into ORA9.APIADRESSE (ID_ADRESSE,CP,LOCALITE,RUE,NUM) values ('63','5000','NAmur','Rue Gandalf','199A');
REM INSERTING into ORA9.APILOCATION
SET DEFINE OFF;
Insert into ORA9.APILOCATION (ID_LOCATION,DATELOC,KMTOTAL,NBRPASSAGERS,TOTAL,ID_TAXI,ID_ADRESSE,ID_ADRESSE_1,ID_CLIENT) values ('13',to_date('30/04/23','DD/MM/RR'),'10','2','45','4','1','4','4');
Insert into ORA9.APILOCATION (ID_LOCATION,DATELOC,KMTOTAL,NBRPASSAGERS,TOTAL,ID_TAXI,ID_ADRESSE,ID_ADRESSE_1,ID_CLIENT) values ('50',to_date('01/05/23','DD/MM/RR'),'7','2','31,5','4','41','41','83');
Insert into ORA9.APILOCATION (ID_LOCATION,DATELOC,KMTOTAL,NBRPASSAGERS,TOTAL,ID_TAXI,ID_ADRESSE,ID_ADRESSE_1,ID_CLIENT) values ('84',to_date('01/06/23','DD/MM/RR'),'11','4','33','6','5','2','22');
Insert into ORA9.APILOCATION (ID_LOCATION,DATELOC,KMTOTAL,NBRPASSAGERS,TOTAL,ID_TAXI,ID_ADRESSE,ID_ADRESSE_1,ID_CLIENT) values ('2',to_date('16/02/23','DD/MM/RR'),'8','1','22,8','1','1','2','2');
Insert into ORA9.APILOCATION (ID_LOCATION,DATELOC,KMTOTAL,NBRPASSAGERS,TOTAL,ID_TAXI,ID_ADRESSE,ID_ADRESSE_1,ID_CLIENT) values ('3',to_date('26/02/23','DD/MM/RR'),'52','2','182','2','1','5','2');
Insert into ORA9.APILOCATION (ID_LOCATION,DATELOC,KMTOTAL,NBRPASSAGERS,TOTAL,ID_TAXI,ID_ADRESSE,ID_ADRESSE_1,ID_CLIENT) values ('4',to_date('26/02/23','DD/MM/RR'),'8','3','36','4','1','4','4');
Insert into ORA9.APILOCATION (ID_LOCATION,DATELOC,KMTOTAL,NBRPASSAGERS,TOTAL,ID_TAXI,ID_ADRESSE,ID_ADRESSE_1,ID_CLIENT) values ('5',to_date('26/02/23','DD/MM/RR'),'52','3','182','2','5','1','2');
Insert into ORA9.APILOCATION (ID_LOCATION,DATELOC,KMTOTAL,NBRPASSAGERS,TOTAL,ID_TAXI,ID_ADRESSE,ID_ADRESSE_1,ID_CLIENT) values ('6',to_date('26/02/23','DD/MM/RR'),'22','1','81,4','5','3','3','6');
Insert into ORA9.APILOCATION (ID_LOCATION,DATELOC,KMTOTAL,NBRPASSAGERS,TOTAL,ID_TAXI,ID_ADRESSE,ID_ADRESSE_1,ID_CLIENT) values ('41',to_date('20/05/23','DD/MM/RR'),'7','3','19,95','1','1','2','6');
Insert into ORA9.APILOCATION (ID_LOCATION,DATELOC,KMTOTAL,NBRPASSAGERS,TOTAL,ID_TAXI,ID_ADRESSE,ID_ADRESSE_1,ID_CLIENT) values ('42',to_date('20/05/23','DD/MM/RR'),'8','2','22,4','25','5','33','6');
Insert into ORA9.APILOCATION (ID_LOCATION,DATELOC,KMTOTAL,NBRPASSAGERS,TOTAL,ID_TAXI,ID_ADRESSE,ID_ADRESSE_1,ID_CLIENT) values ('43',to_date('20/05/23','DD/MM/RR'),'9','1','25,2','25','4','33','3');
Insert into ORA9.APILOCATION (ID_LOCATION,DATELOC,KMTOTAL,NBRPASSAGERS,TOTAL,ID_TAXI,ID_ADRESSE,ID_ADRESSE_1,ID_CLIENT) values ('44',to_date('20/05/23','DD/MM/RR'),'6','6','27','4','4','33','83');
Insert into ORA9.APILOCATION (ID_LOCATION,DATELOC,KMTOTAL,NBRPASSAGERS,TOTAL,ID_TAXI,ID_ADRESSE,ID_ADRESSE_1,ID_CLIENT) values ('45',to_date('20/05/23','DD/MM/RR'),'5','4','15','6','33','4','83');
Insert into ORA9.APILOCATION (ID_LOCATION,DATELOC,KMTOTAL,NBRPASSAGERS,TOTAL,ID_TAXI,ID_ADRESSE,ID_ADRESSE_1,ID_CLIENT) values ('46',to_date('20/05/23','DD/MM/RR'),'51','1','145,35','1','5','33','83');
Insert into ORA9.APILOCATION (ID_LOCATION,DATELOC,KMTOTAL,NBRPASSAGERS,TOTAL,ID_TAXI,ID_ADRESSE,ID_ADRESSE_1,ID_CLIENT) values ('49',to_date('21/05/23','DD/MM/RR'),'10','2','30','6','4','33','6');
Insert into ORA9.APILOCATION (ID_LOCATION,DATELOC,KMTOTAL,NBRPASSAGERS,TOTAL,ID_TAXI,ID_ADRESSE,ID_ADRESSE_1,ID_CLIENT) values ('48',to_date('20/05/23','DD/MM/RR'),'10','3','28,5','1','3','33','4');
Insert into ORA9.APILOCATION (ID_LOCATION,DATELOC,KMTOTAL,NBRPASSAGERS,TOTAL,ID_TAXI,ID_ADRESSE,ID_ADRESSE_1,ID_CLIENT) values ('61',to_date('24/05/23','DD/MM/RR'),'10','2','28,5','1','33','41','22');
Insert into ORA9.APILOCATION (ID_LOCATION,DATELOC,KMTOTAL,NBRPASSAGERS,TOTAL,ID_TAXI,ID_ADRESSE,ID_ADRESSE_1,ID_CLIENT) values ('81',to_date('28/05/23','DD/MM/RR'),'10','3','35','2','62','41','4');
Insert into ORA9.APILOCATION (ID_LOCATION,DATELOC,KMTOTAL,NBRPASSAGERS,TOTAL,ID_TAXI,ID_ADRESSE,ID_ADRESSE_1,ID_CLIENT) values ('82',to_date('28/05/23','DD/MM/RR'),'10','3','35','2','41','62','4');
Insert into ORA9.APILOCATION (ID_LOCATION,DATELOC,KMTOTAL,NBRPASSAGERS,TOTAL,ID_TAXI,ID_ADRESSE,ID_ADRESSE_1,ID_CLIENT) values ('83',to_date('28/05/23','DD/MM/RR'),'10','2','28,5','1','2','2','4');
Insert into ORA9.APILOCATION (ID_LOCATION,DATELOC,KMTOTAL,NBRPASSAGERS,TOTAL,ID_TAXI,ID_ADRESSE,ID_ADRESSE_1,ID_CLIENT) values ('7',to_date('27/02/23','DD/MM/RR'),'10','1','45','4','4','1','4');
Insert into ORA9.APILOCATION (ID_LOCATION,DATELOC,KMTOTAL,NBRPASSAGERS,TOTAL,ID_TAXI,ID_ADRESSE,ID_ADRESSE_1,ID_CLIENT) values ('8',to_date('12/03/23','DD/MM/RR'),'15','1','42','25','2','1','5');
Insert into ORA9.APILOCATION (ID_LOCATION,DATELOC,KMTOTAL,NBRPASSAGERS,TOTAL,ID_TAXI,ID_ADRESSE,ID_ADRESSE_1,ID_CLIENT) values ('9',to_date('12/03/23','DD/MM/RR'),'15','1','42','25','1','1','5');
Insert into ORA9.APILOCATION (ID_LOCATION,DATELOC,KMTOTAL,NBRPASSAGERS,TOTAL,ID_TAXI,ID_ADRESSE,ID_ADRESSE_1,ID_CLIENT) values ('10',to_date('12/03/23','DD/MM/RR'),'10','1','37','5','3','2','3');
Insert into ORA9.APILOCATION (ID_LOCATION,DATELOC,KMTOTAL,NBRPASSAGERS,TOTAL,ID_TAXI,ID_ADRESSE,ID_ADRESSE_1,ID_CLIENT) values ('11',to_date('12/03/23','DD/MM/RR'),'10','1','30','6','4','3','2');
Insert into ORA9.APILOCATION (ID_LOCATION,DATELOC,KMTOTAL,NBRPASSAGERS,TOTAL,ID_TAXI,ID_ADRESSE,ID_ADRESSE_1,ID_CLIENT) values ('12',to_date('12/03/23','DD/MM/RR'),'10','1','45','4','1','4','4');
Insert into ORA9.APILOCATION (ID_LOCATION,DATELOC,KMTOTAL,NBRPASSAGERS,TOTAL,ID_TAXI,ID_ADRESSE,ID_ADRESSE_1,ID_CLIENT) values ('101',to_date('03/06/23','DD/MM/RR'),'52','3','145,6','25','41','5','3');
Insert into ORA9.APILOCATION (ID_LOCATION,DATELOC,KMTOTAL,NBRPASSAGERS,TOTAL,ID_TAXI,ID_ADRESSE,ID_ADRESSE_1,ID_CLIENT) values ('102',to_date('03/06/23','DD/MM/RR'),'8','2','22,4','24','62','33','6');
REM INSERTING into ORA9.APITAXI
SET DEFINE OFF;
Insert into ORA9.APITAXI (ID_TAXI,IMMATRICULATION,NBREMAXPASSAGERS,PRIXKM) values ('4','T-XOP-068','7','4,5');
Insert into ORA9.APITAXI (ID_TAXI,IMMATRICULATION,NBREMAXPASSAGERS,PRIXKM) values ('5','T-XFF-010','7','3,7');
Insert into ORA9.APITAXI (ID_TAXI,IMMATRICULATION,NBREMAXPASSAGERS,PRIXKM) values ('6','T-XZY-112','4','3');
Insert into ORA9.APITAXI (ID_TAXI,IMMATRICULATION,NBREMAXPASSAGERS,PRIXKM) values ('25','T-LPP-009','4','2,8');
Insert into ORA9.APITAXI (ID_TAXI,IMMATRICULATION,NBREMAXPASSAGERS,PRIXKM) values ('1','T-XAA-001','4','2,85');
Insert into ORA9.APITAXI (ID_TAXI,IMMATRICULATION,NBREMAXPASSAGERS,PRIXKM) values ('2','T-LBB-002','7','3,5');
Insert into ORA9.APITAXI (ID_TAXI,IMMATRICULATION,NBREMAXPASSAGERS,PRIXKM) values ('102','T-LIO-099','9','4,2');
Insert into ORA9.APITAXI (ID_TAXI,IMMATRICULATION,NBREMAXPASSAGERS,PRIXKM) values ('24','T-XYZ-089','3','2,8');
REM INSERTING into ORA9.APITCLIENT
SET DEFINE OFF;
Insert into ORA9.APITCLIENT (ID_CLIENT,MAIL,NOM_CLI,PRENOM_CLI,TEL) values ('22','masterton@gmail.com','Masterton','Graham','0478 11 44 55');
Insert into ORA9.APITCLIENT (ID_CLIENT,MAIL,NOM_CLI,PRENOM_CLI,TEL) values ('141','house@gmail.com','House','Gregory','065/86.35.34');
Insert into ORA9.APITCLIENT (ID_CLIENT,MAIL,NOM_CLI,PRENOM_CLI,TEL) values ('2','alucard@hellsing.com','Alucard','Vamp','078/66.41.23');
Insert into ORA9.APITCLIENT (ID_CLIENT,MAIL,NOM_CLI,PRENOM_CLI,TEL) values ('3','pithivier@gmail.com','Pithivier','Inconnu','067/66.21.23');
Insert into ORA9.APITCLIENT (ID_CLIENT,MAIL,NOM_CLI,PRENOM_CLI,TEL) values ('4','george.carlin@gmail.com','Carlin','George','067/66.21.23');
Insert into ORA9.APITCLIENT (ID_CLIENT,MAIL,NOM_CLI,PRENOM_CLI,TEL) values ('5','blum@gmail.com','Blum','Leon','0479/11.12.24');
Insert into ORA9.APITCLIENT (ID_CLIENT,MAIL,NOM_CLI,PRENOM_CLI,TEL) values ('6','bill.hicks@gmail.com','Hick','Bill','555-8985');
Insert into ORA9.APITCLIENT (ID_CLIENT,MAIL,NOM_CLI,PRENOM_CLI,TEL) values ('83','mouse@gmail.com','Mouse','Mickey','065/01.02.03');
Insert into ORA9.APITCLIENT (ID_CLIENT,MAIL,NOM_CLI,PRENOM_CLI,TEL) values ('121','emenem@gmail.com','Marshall','Mathers','0479551312');
REM INSERTING into ORA9.API_ADR_ORDERCP
SET DEFINE OFF;
Insert into ORA9.API_ADR_ORDERCP (ID_ADRESSE,RUE,NUM,CP,LOCALITE) values ('5','Avenue Louise','20','1000','Bruxelles');
Insert into ORA9.API_ADR_ORDERCP (ID_ADRESSE,RUE,NUM,CP,LOCALITE) values ('2','Rue Grande','1','1000','Bruxelles');
Insert into ORA9.API_ADR_ORDERCP (ID_ADRESSE,RUE,NUM,CP,LOCALITE) values ('63','Rue Gandalf','199A','5000','NAmur');
Insert into ORA9.API_ADR_ORDERCP (ID_ADRESSE,RUE,NUM,CP,LOCALITE) values ('41','Rue Thinkpad','12','5000','Namur');
Insert into ORA9.API_ADR_ORDERCP (ID_ADRESSE,RUE,NUM,CP,LOCALITE) values ('33','Rue Strider','10A','7000','Mons');
Insert into ORA9.API_ADR_ORDERCP (ID_ADRESSE,RUE,NUM,CP,LOCALITE) values ('62','Rue loup','100A','7000','Mons');
Insert into ORA9.API_ADR_ORDERCP (ID_ADRESSE,RUE,NUM,CP,LOCALITE) values ('1','Rue Cronque','12','7000','Mons');
Insert into ORA9.API_ADR_ORDERCP (ID_ADRESSE,RUE,NUM,CP,LOCALITE) values ('4','Rue France','16B','7080','Frameries');
Insert into ORA9.API_ADR_ORDERCP (ID_ADRESSE,RUE,NUM,CP,LOCALITE) values ('3','Rue haute','143A','7100','La Louvière');
REM INSERTING into ORA9.API_LOCAT
SET DEFINE OFF;
Insert into ORA9.API_LOCAT (ID_LOCATION,DATELOC,KMTOTAL,NBRPASSAGERS,ID_TAXI,ID_ADRESSE,ID_ADRESSE_1,ID_CLIENT) values ('13',to_date('30/04/23','DD/MM/RR'),'10','2','4','1','4','4');
Insert into ORA9.API_LOCAT (ID_LOCATION,DATELOC,KMTOTAL,NBRPASSAGERS,ID_TAXI,ID_ADRESSE,ID_ADRESSE_1,ID_CLIENT) values ('50',to_date('01/05/23','DD/MM/RR'),'7','2','4','41','41','83');
Insert into ORA9.API_LOCAT (ID_LOCATION,DATELOC,KMTOTAL,NBRPASSAGERS,ID_TAXI,ID_ADRESSE,ID_ADRESSE_1,ID_CLIENT) values ('84',to_date('01/06/23','DD/MM/RR'),'11','4','6','5','2','22');
Insert into ORA9.API_LOCAT (ID_LOCATION,DATELOC,KMTOTAL,NBRPASSAGERS,ID_TAXI,ID_ADRESSE,ID_ADRESSE_1,ID_CLIENT) values ('2',to_date('16/02/23','DD/MM/RR'),'8','1','1','1','2','2');
Insert into ORA9.API_LOCAT (ID_LOCATION,DATELOC,KMTOTAL,NBRPASSAGERS,ID_TAXI,ID_ADRESSE,ID_ADRESSE_1,ID_CLIENT) values ('3',to_date('26/02/23','DD/MM/RR'),'52','2','2','1','5','2');
Insert into ORA9.API_LOCAT (ID_LOCATION,DATELOC,KMTOTAL,NBRPASSAGERS,ID_TAXI,ID_ADRESSE,ID_ADRESSE_1,ID_CLIENT) values ('4',to_date('26/02/23','DD/MM/RR'),'8','3','4','1','4','4');
Insert into ORA9.API_LOCAT (ID_LOCATION,DATELOC,KMTOTAL,NBRPASSAGERS,ID_TAXI,ID_ADRESSE,ID_ADRESSE_1,ID_CLIENT) values ('5',to_date('26/02/23','DD/MM/RR'),'52','3','2','5','1','2');
Insert into ORA9.API_LOCAT (ID_LOCATION,DATELOC,KMTOTAL,NBRPASSAGERS,ID_TAXI,ID_ADRESSE,ID_ADRESSE_1,ID_CLIENT) values ('6',to_date('26/02/23','DD/MM/RR'),'22','1','5','3','3','6');
Insert into ORA9.API_LOCAT (ID_LOCATION,DATELOC,KMTOTAL,NBRPASSAGERS,ID_TAXI,ID_ADRESSE,ID_ADRESSE_1,ID_CLIENT) values ('41',to_date('20/05/23','DD/MM/RR'),'7','3','1','1','2','6');
Insert into ORA9.API_LOCAT (ID_LOCATION,DATELOC,KMTOTAL,NBRPASSAGERS,ID_TAXI,ID_ADRESSE,ID_ADRESSE_1,ID_CLIENT) values ('42',to_date('20/05/23','DD/MM/RR'),'8','2','25','5','33','6');
Insert into ORA9.API_LOCAT (ID_LOCATION,DATELOC,KMTOTAL,NBRPASSAGERS,ID_TAXI,ID_ADRESSE,ID_ADRESSE_1,ID_CLIENT) values ('43',to_date('20/05/23','DD/MM/RR'),'9','1','25','4','33','3');
Insert into ORA9.API_LOCAT (ID_LOCATION,DATELOC,KMTOTAL,NBRPASSAGERS,ID_TAXI,ID_ADRESSE,ID_ADRESSE_1,ID_CLIENT) values ('44',to_date('20/05/23','DD/MM/RR'),'6','6','4','4','33','83');
Insert into ORA9.API_LOCAT (ID_LOCATION,DATELOC,KMTOTAL,NBRPASSAGERS,ID_TAXI,ID_ADRESSE,ID_ADRESSE_1,ID_CLIENT) values ('45',to_date('20/05/23','DD/MM/RR'),'5','4','6','33','4','83');
Insert into ORA9.API_LOCAT (ID_LOCATION,DATELOC,KMTOTAL,NBRPASSAGERS,ID_TAXI,ID_ADRESSE,ID_ADRESSE_1,ID_CLIENT) values ('46',to_date('20/05/23','DD/MM/RR'),'51','1','1','5','33','83');
Insert into ORA9.API_LOCAT (ID_LOCATION,DATELOC,KMTOTAL,NBRPASSAGERS,ID_TAXI,ID_ADRESSE,ID_ADRESSE_1,ID_CLIENT) values ('49',to_date('21/05/23','DD/MM/RR'),'10','2','6','4','33','6');
Insert into ORA9.API_LOCAT (ID_LOCATION,DATELOC,KMTOTAL,NBRPASSAGERS,ID_TAXI,ID_ADRESSE,ID_ADRESSE_1,ID_CLIENT) values ('48',to_date('20/05/23','DD/MM/RR'),'10','3','1','3','33','4');
Insert into ORA9.API_LOCAT (ID_LOCATION,DATELOC,KMTOTAL,NBRPASSAGERS,ID_TAXI,ID_ADRESSE,ID_ADRESSE_1,ID_CLIENT) values ('61',to_date('24/05/23','DD/MM/RR'),'10','2','1','33','41','22');
Insert into ORA9.API_LOCAT (ID_LOCATION,DATELOC,KMTOTAL,NBRPASSAGERS,ID_TAXI,ID_ADRESSE,ID_ADRESSE_1,ID_CLIENT) values ('81',to_date('28/05/23','DD/MM/RR'),'10','3','2','62','41','4');
Insert into ORA9.API_LOCAT (ID_LOCATION,DATELOC,KMTOTAL,NBRPASSAGERS,ID_TAXI,ID_ADRESSE,ID_ADRESSE_1,ID_CLIENT) values ('82',to_date('28/05/23','DD/MM/RR'),'10','3','2','41','62','4');
Insert into ORA9.API_LOCAT (ID_LOCATION,DATELOC,KMTOTAL,NBRPASSAGERS,ID_TAXI,ID_ADRESSE,ID_ADRESSE_1,ID_CLIENT) values ('83',to_date('28/05/23','DD/MM/RR'),'10','2','1','2','2','4');
Insert into ORA9.API_LOCAT (ID_LOCATION,DATELOC,KMTOTAL,NBRPASSAGERS,ID_TAXI,ID_ADRESSE,ID_ADRESSE_1,ID_CLIENT) values ('7',to_date('27/02/23','DD/MM/RR'),'10','1','4','4','1','4');
Insert into ORA9.API_LOCAT (ID_LOCATION,DATELOC,KMTOTAL,NBRPASSAGERS,ID_TAXI,ID_ADRESSE,ID_ADRESSE_1,ID_CLIENT) values ('8',to_date('12/03/23','DD/MM/RR'),'15','1','25','2','1','5');
Insert into ORA9.API_LOCAT (ID_LOCATION,DATELOC,KMTOTAL,NBRPASSAGERS,ID_TAXI,ID_ADRESSE,ID_ADRESSE_1,ID_CLIENT) values ('9',to_date('12/03/23','DD/MM/RR'),'15','1','25','1','1','5');
Insert into ORA9.API_LOCAT (ID_LOCATION,DATELOC,KMTOTAL,NBRPASSAGERS,ID_TAXI,ID_ADRESSE,ID_ADRESSE_1,ID_CLIENT) values ('10',to_date('12/03/23','DD/MM/RR'),'10','1','5','3','2','3');
Insert into ORA9.API_LOCAT (ID_LOCATION,DATELOC,KMTOTAL,NBRPASSAGERS,ID_TAXI,ID_ADRESSE,ID_ADRESSE_1,ID_CLIENT) values ('11',to_date('12/03/23','DD/MM/RR'),'10','1','6','4','3','2');
Insert into ORA9.API_LOCAT (ID_LOCATION,DATELOC,KMTOTAL,NBRPASSAGERS,ID_TAXI,ID_ADRESSE,ID_ADRESSE_1,ID_CLIENT) values ('12',to_date('12/03/23','DD/MM/RR'),'10','1','4','1','4','4');
Insert into ORA9.API_LOCAT (ID_LOCATION,DATELOC,KMTOTAL,NBRPASSAGERS,ID_TAXI,ID_ADRESSE,ID_ADRESSE_1,ID_CLIENT) values ('101',to_date('03/06/23','DD/MM/RR'),'52','3','25','41','5','3');
Insert into ORA9.API_LOCAT (ID_LOCATION,DATELOC,KMTOTAL,NBRPASSAGERS,ID_TAXI,ID_ADRESSE,ID_ADRESSE_1,ID_CLIENT) values ('102',to_date('03/06/23','DD/MM/RR'),'8','2','24','62','33','6');
REM INSERTING into ORA9.API_LOCAT_FULL
SET DEFINE OFF;
Insert into ORA9.API_LOCAT_FULL (ID_LOCATION,DATELOC,ID_CLIENT,ID_TAXI,IMMATRICULATION,PRIXKM,KMTOTAL,NOM_CLI,NBRPASSAGERS,"total") values ('2',to_date('16/02/23','DD/MM/RR'),'2','1','T-XAA-001','2,85','8','Alucard','1','22,8');
Insert into ORA9.API_LOCAT_FULL (ID_LOCATION,DATELOC,ID_CLIENT,ID_TAXI,IMMATRICULATION,PRIXKM,KMTOTAL,NOM_CLI,NBRPASSAGERS,"total") values ('3',to_date('26/02/23','DD/MM/RR'),'2','2','T-LBB-002','3,5','52','Alucard','2','182');
Insert into ORA9.API_LOCAT_FULL (ID_LOCATION,DATELOC,ID_CLIENT,ID_TAXI,IMMATRICULATION,PRIXKM,KMTOTAL,NOM_CLI,NBRPASSAGERS,"total") values ('4',to_date('26/02/23','DD/MM/RR'),'4','4','T-XOP-068','4,5','8','Carlin','3','36');
Insert into ORA9.API_LOCAT_FULL (ID_LOCATION,DATELOC,ID_CLIENT,ID_TAXI,IMMATRICULATION,PRIXKM,KMTOTAL,NOM_CLI,NBRPASSAGERS,"total") values ('5',to_date('26/02/23','DD/MM/RR'),'2','2','T-LBB-002','3,5','52','Alucard','3','182');
Insert into ORA9.API_LOCAT_FULL (ID_LOCATION,DATELOC,ID_CLIENT,ID_TAXI,IMMATRICULATION,PRIXKM,KMTOTAL,NOM_CLI,NBRPASSAGERS,"total") values ('6',to_date('26/02/23','DD/MM/RR'),'6','5','T-XFF-010','3,7','22','Hick','1','81,4');
Insert into ORA9.API_LOCAT_FULL (ID_LOCATION,DATELOC,ID_CLIENT,ID_TAXI,IMMATRICULATION,PRIXKM,KMTOTAL,NOM_CLI,NBRPASSAGERS,"total") values ('7',to_date('27/02/23','DD/MM/RR'),'4','4','T-XOP-068','4,5','10','Carlin','1','45');
Insert into ORA9.API_LOCAT_FULL (ID_LOCATION,DATELOC,ID_CLIENT,ID_TAXI,IMMATRICULATION,PRIXKM,KMTOTAL,NOM_CLI,NBRPASSAGERS,"total") values ('8',to_date('12/03/23','DD/MM/RR'),'5','25','T-LPP-009','2,8','15','Blum','1','42');
Insert into ORA9.API_LOCAT_FULL (ID_LOCATION,DATELOC,ID_CLIENT,ID_TAXI,IMMATRICULATION,PRIXKM,KMTOTAL,NOM_CLI,NBRPASSAGERS,"total") values ('9',to_date('12/03/23','DD/MM/RR'),'5','25','T-LPP-009','2,8','15','Blum','1','42');
Insert into ORA9.API_LOCAT_FULL (ID_LOCATION,DATELOC,ID_CLIENT,ID_TAXI,IMMATRICULATION,PRIXKM,KMTOTAL,NOM_CLI,NBRPASSAGERS,"total") values ('10',to_date('12/03/23','DD/MM/RR'),'3','5','T-XFF-010','3,7','10','Pithivier','1','37');
Insert into ORA9.API_LOCAT_FULL (ID_LOCATION,DATELOC,ID_CLIENT,ID_TAXI,IMMATRICULATION,PRIXKM,KMTOTAL,NOM_CLI,NBRPASSAGERS,"total") values ('11',to_date('12/03/23','DD/MM/RR'),'2','6','T-XZY-112','3','10','Alucard','1','30');
Insert into ORA9.API_LOCAT_FULL (ID_LOCATION,DATELOC,ID_CLIENT,ID_TAXI,IMMATRICULATION,PRIXKM,KMTOTAL,NOM_CLI,NBRPASSAGERS,"total") values ('12',to_date('12/03/23','DD/MM/RR'),'4','4','T-XOP-068','4,5','10','Carlin','1','45');
Insert into ORA9.API_LOCAT_FULL (ID_LOCATION,DATELOC,ID_CLIENT,ID_TAXI,IMMATRICULATION,PRIXKM,KMTOTAL,NOM_CLI,NBRPASSAGERS,"total") values ('13',to_date('30/04/23','DD/MM/RR'),'4','4','T-XOP-068','4,5','10','Carlin','2','45');
Insert into ORA9.API_LOCAT_FULL (ID_LOCATION,DATELOC,ID_CLIENT,ID_TAXI,IMMATRICULATION,PRIXKM,KMTOTAL,NOM_CLI,NBRPASSAGERS,"total") values ('41',to_date('20/05/23','DD/MM/RR'),'6','1','T-XAA-001','2,85','7','Hick','3','19,95');
Insert into ORA9.API_LOCAT_FULL (ID_LOCATION,DATELOC,ID_CLIENT,ID_TAXI,IMMATRICULATION,PRIXKM,KMTOTAL,NOM_CLI,NBRPASSAGERS,"total") values ('42',to_date('20/05/23','DD/MM/RR'),'6','25','T-LPP-009','2,8','8','Hick','2','22,4');
Insert into ORA9.API_LOCAT_FULL (ID_LOCATION,DATELOC,ID_CLIENT,ID_TAXI,IMMATRICULATION,PRIXKM,KMTOTAL,NOM_CLI,NBRPASSAGERS,"total") values ('43',to_date('20/05/23','DD/MM/RR'),'3','25','T-LPP-009','2,8','9','Pithivier','1','25,2');
Insert into ORA9.API_LOCAT_FULL (ID_LOCATION,DATELOC,ID_CLIENT,ID_TAXI,IMMATRICULATION,PRIXKM,KMTOTAL,NOM_CLI,NBRPASSAGERS,"total") values ('44',to_date('20/05/23','DD/MM/RR'),'83','4','T-XOP-068','4,5','6','Mouse','6','27');
Insert into ORA9.API_LOCAT_FULL (ID_LOCATION,DATELOC,ID_CLIENT,ID_TAXI,IMMATRICULATION,PRIXKM,KMTOTAL,NOM_CLI,NBRPASSAGERS,"total") values ('45',to_date('20/05/23','DD/MM/RR'),'83','6','T-XZY-112','3','5','Mouse','4','15');
Insert into ORA9.API_LOCAT_FULL (ID_LOCATION,DATELOC,ID_CLIENT,ID_TAXI,IMMATRICULATION,PRIXKM,KMTOTAL,NOM_CLI,NBRPASSAGERS,"total") values ('46',to_date('20/05/23','DD/MM/RR'),'83','1','T-XAA-001','2,85','51','Mouse','1','145,35');
Insert into ORA9.API_LOCAT_FULL (ID_LOCATION,DATELOC,ID_CLIENT,ID_TAXI,IMMATRICULATION,PRIXKM,KMTOTAL,NOM_CLI,NBRPASSAGERS,"total") values ('48',to_date('20/05/23','DD/MM/RR'),'4','1','T-XAA-001','2,85','10','Carlin','3','28,5');
Insert into ORA9.API_LOCAT_FULL (ID_LOCATION,DATELOC,ID_CLIENT,ID_TAXI,IMMATRICULATION,PRIXKM,KMTOTAL,NOM_CLI,NBRPASSAGERS,"total") values ('49',to_date('21/05/23','DD/MM/RR'),'6','6','T-XZY-112','3','10','Hick','2','30');
Insert into ORA9.API_LOCAT_FULL (ID_LOCATION,DATELOC,ID_CLIENT,ID_TAXI,IMMATRICULATION,PRIXKM,KMTOTAL,NOM_CLI,NBRPASSAGERS,"total") values ('50',to_date('01/05/23','DD/MM/RR'),'83','4','T-XOP-068','4,5','7','Mouse','2','31,5');
Insert into ORA9.API_LOCAT_FULL (ID_LOCATION,DATELOC,ID_CLIENT,ID_TAXI,IMMATRICULATION,PRIXKM,KMTOTAL,NOM_CLI,NBRPASSAGERS,"total") values ('61',to_date('24/05/23','DD/MM/RR'),'22','1','T-XAA-001','2,85','10','Masterton','2','28,5');
Insert into ORA9.API_LOCAT_FULL (ID_LOCATION,DATELOC,ID_CLIENT,ID_TAXI,IMMATRICULATION,PRIXKM,KMTOTAL,NOM_CLI,NBRPASSAGERS,"total") values ('81',to_date('28/05/23','DD/MM/RR'),'4','2','T-LBB-002','3,5','10','Carlin','3','35');
Insert into ORA9.API_LOCAT_FULL (ID_LOCATION,DATELOC,ID_CLIENT,ID_TAXI,IMMATRICULATION,PRIXKM,KMTOTAL,NOM_CLI,NBRPASSAGERS,"total") values ('82',to_date('28/05/23','DD/MM/RR'),'4','2','T-LBB-002','3,5','10','Carlin','3','35');
Insert into ORA9.API_LOCAT_FULL (ID_LOCATION,DATELOC,ID_CLIENT,ID_TAXI,IMMATRICULATION,PRIXKM,KMTOTAL,NOM_CLI,NBRPASSAGERS,"total") values ('83',to_date('28/05/23','DD/MM/RR'),'4','1','T-XAA-001','2,85','10','Carlin','2','28,5');
Insert into ORA9.API_LOCAT_FULL (ID_LOCATION,DATELOC,ID_CLIENT,ID_TAXI,IMMATRICULATION,PRIXKM,KMTOTAL,NOM_CLI,NBRPASSAGERS,"total") values ('84',to_date('01/06/23','DD/MM/RR'),'22','6','T-XZY-112','3','11','Masterton','4','33');
Insert into ORA9.API_LOCAT_FULL (ID_LOCATION,DATELOC,ID_CLIENT,ID_TAXI,IMMATRICULATION,PRIXKM,KMTOTAL,NOM_CLI,NBRPASSAGERS,"total") values ('101',to_date('03/06/23','DD/MM/RR'),'3','25','T-LPP-009','2,8','52','Pithivier','3','145,6');
Insert into ORA9.API_LOCAT_FULL (ID_LOCATION,DATELOC,ID_CLIENT,ID_TAXI,IMMATRICULATION,PRIXKM,KMTOTAL,NOM_CLI,NBRPASSAGERS,"total") values ('102',to_date('03/06/23','DD/MM/RR'),'6','24','T-XYZ-089','2,8','8','Hick','2','22,4');
REM INSERTING into ORA9.API_LOCAT_SAME_ADR
SET DEFINE OFF;
Insert into ORA9.API_LOCAT_SAME_ADR (ID_LOCATION,DATELOC,NBRPASSAGERS,KMTOTAL,PRIXKM,TOTAL,ID_TAXI,IMMATRICULATION,"id_adresse","depart","id_adresse_1","arrivee","nclient","nomcli") values ('9',to_date('12/03/23','DD/MM/RR'),'1','15','2,8','42','25','T-LPP-009','1','Rue Cronque , Mons','1','Rue Cronque , Mons','5','Blum');
Insert into ORA9.API_LOCAT_SAME_ADR (ID_LOCATION,DATELOC,NBRPASSAGERS,KMTOTAL,PRIXKM,TOTAL,ID_TAXI,IMMATRICULATION,"id_adresse","depart","id_adresse_1","arrivee","nclient","nomcli") values ('83',to_date('28/05/23','DD/MM/RR'),'2','10','2,85','28,5','1','T-XAA-001','2','Rue Grande , Bruxelles','2','Rue Grande , Bruxelles','4','Carlin');
Insert into ORA9.API_LOCAT_SAME_ADR (ID_LOCATION,DATELOC,NBRPASSAGERS,KMTOTAL,PRIXKM,TOTAL,ID_TAXI,IMMATRICULATION,"id_adresse","depart","id_adresse_1","arrivee","nclient","nomcli") values ('6',to_date('26/02/23','DD/MM/RR'),'1','22','3,7','81,4','5','T-XFF-010','3','Rue haute , La Louvière','3','Rue haute , La Louvière','6','Hick');
Insert into ORA9.API_LOCAT_SAME_ADR (ID_LOCATION,DATELOC,NBRPASSAGERS,KMTOTAL,PRIXKM,TOTAL,ID_TAXI,IMMATRICULATION,"id_adresse","depart","id_adresse_1","arrivee","nclient","nomcli") values ('50',to_date('01/05/23','DD/MM/RR'),'2','7','4,5','31,5','4','T-XOP-068','41','Rue Thinkpad , Namur','41','Rue Thinkpad , Namur','83','Mouse');
REM INSERTING into ORA9.API_LOCAT_SIMPLE
SET DEFINE OFF;
Insert into ORA9.API_LOCAT_SIMPLE (ID_LOCATION,ID_CLIENT,ID_TAXI,IMMATRICULATION,NOM_CLI,NBRPASSAGERS,"total") values ('84','22','6','T-XZY-112','Masterton','4','33');
Insert into ORA9.API_LOCAT_SIMPLE (ID_LOCATION,ID_CLIENT,ID_TAXI,IMMATRICULATION,NOM_CLI,NBRPASSAGERS,"total") values ('61','22','1','T-XAA-001','Masterton','2','28,5');
Insert into ORA9.API_LOCAT_SIMPLE (ID_LOCATION,ID_CLIENT,ID_TAXI,IMMATRICULATION,NOM_CLI,NBRPASSAGERS,"total") values ('2','2','1','T-XAA-001','Alucard','1','22,8');
Insert into ORA9.API_LOCAT_SIMPLE (ID_LOCATION,ID_CLIENT,ID_TAXI,IMMATRICULATION,NOM_CLI,NBRPASSAGERS,"total") values ('3','2','2','T-LBB-002','Alucard','2','182');
Insert into ORA9.API_LOCAT_SIMPLE (ID_LOCATION,ID_CLIENT,ID_TAXI,IMMATRICULATION,NOM_CLI,NBRPASSAGERS,"total") values ('5','2','2','T-LBB-002','Alucard','3','182');
Insert into ORA9.API_LOCAT_SIMPLE (ID_LOCATION,ID_CLIENT,ID_TAXI,IMMATRICULATION,NOM_CLI,NBRPASSAGERS,"total") values ('11','2','6','T-XZY-112','Alucard','1','30');
Insert into ORA9.API_LOCAT_SIMPLE (ID_LOCATION,ID_CLIENT,ID_TAXI,IMMATRICULATION,NOM_CLI,NBRPASSAGERS,"total") values ('43','3','25','T-LPP-009','Pithivier','1','25,2');
Insert into ORA9.API_LOCAT_SIMPLE (ID_LOCATION,ID_CLIENT,ID_TAXI,IMMATRICULATION,NOM_CLI,NBRPASSAGERS,"total") values ('10','3','5','T-XFF-010','Pithivier','1','37');
Insert into ORA9.API_LOCAT_SIMPLE (ID_LOCATION,ID_CLIENT,ID_TAXI,IMMATRICULATION,NOM_CLI,NBRPASSAGERS,"total") values ('101','3','25','T-LPP-009','Pithivier','3','145,6');
Insert into ORA9.API_LOCAT_SIMPLE (ID_LOCATION,ID_CLIENT,ID_TAXI,IMMATRICULATION,NOM_CLI,NBRPASSAGERS,"total") values ('13','4','4','T-XOP-068','Carlin','2','45');
Insert into ORA9.API_LOCAT_SIMPLE (ID_LOCATION,ID_CLIENT,ID_TAXI,IMMATRICULATION,NOM_CLI,NBRPASSAGERS,"total") values ('4','4','4','T-XOP-068','Carlin','3','36');
Insert into ORA9.API_LOCAT_SIMPLE (ID_LOCATION,ID_CLIENT,ID_TAXI,IMMATRICULATION,NOM_CLI,NBRPASSAGERS,"total") values ('48','4','1','T-XAA-001','Carlin','3','28,5');
Insert into ORA9.API_LOCAT_SIMPLE (ID_LOCATION,ID_CLIENT,ID_TAXI,IMMATRICULATION,NOM_CLI,NBRPASSAGERS,"total") values ('81','4','2','T-LBB-002','Carlin','3','35');
Insert into ORA9.API_LOCAT_SIMPLE (ID_LOCATION,ID_CLIENT,ID_TAXI,IMMATRICULATION,NOM_CLI,NBRPASSAGERS,"total") values ('82','4','2','T-LBB-002','Carlin','3','35');
Insert into ORA9.API_LOCAT_SIMPLE (ID_LOCATION,ID_CLIENT,ID_TAXI,IMMATRICULATION,NOM_CLI,NBRPASSAGERS,"total") values ('83','4','1','T-XAA-001','Carlin','2','28,5');
Insert into ORA9.API_LOCAT_SIMPLE (ID_LOCATION,ID_CLIENT,ID_TAXI,IMMATRICULATION,NOM_CLI,NBRPASSAGERS,"total") values ('7','4','4','T-XOP-068','Carlin','1','45');
Insert into ORA9.API_LOCAT_SIMPLE (ID_LOCATION,ID_CLIENT,ID_TAXI,IMMATRICULATION,NOM_CLI,NBRPASSAGERS,"total") values ('12','4','4','T-XOP-068','Carlin','1','45');
Insert into ORA9.API_LOCAT_SIMPLE (ID_LOCATION,ID_CLIENT,ID_TAXI,IMMATRICULATION,NOM_CLI,NBRPASSAGERS,"total") values ('8','5','25','T-LPP-009','Blum','1','42');
Insert into ORA9.API_LOCAT_SIMPLE (ID_LOCATION,ID_CLIENT,ID_TAXI,IMMATRICULATION,NOM_CLI,NBRPASSAGERS,"total") values ('9','5','25','T-LPP-009','Blum','1','42');
Insert into ORA9.API_LOCAT_SIMPLE (ID_LOCATION,ID_CLIENT,ID_TAXI,IMMATRICULATION,NOM_CLI,NBRPASSAGERS,"total") values ('6','6','5','T-XFF-010','Hick','1','81,4');
Insert into ORA9.API_LOCAT_SIMPLE (ID_LOCATION,ID_CLIENT,ID_TAXI,IMMATRICULATION,NOM_CLI,NBRPASSAGERS,"total") values ('41','6','1','T-XAA-001','Hick','3','19,95');
Insert into ORA9.API_LOCAT_SIMPLE (ID_LOCATION,ID_CLIENT,ID_TAXI,IMMATRICULATION,NOM_CLI,NBRPASSAGERS,"total") values ('42','6','25','T-LPP-009','Hick','2','22,4');
Insert into ORA9.API_LOCAT_SIMPLE (ID_LOCATION,ID_CLIENT,ID_TAXI,IMMATRICULATION,NOM_CLI,NBRPASSAGERS,"total") values ('49','6','6','T-XZY-112','Hick','2','30');
Insert into ORA9.API_LOCAT_SIMPLE (ID_LOCATION,ID_CLIENT,ID_TAXI,IMMATRICULATION,NOM_CLI,NBRPASSAGERS,"total") values ('102','6','24','T-XYZ-089','Hick','2','22,4');
Insert into ORA9.API_LOCAT_SIMPLE (ID_LOCATION,ID_CLIENT,ID_TAXI,IMMATRICULATION,NOM_CLI,NBRPASSAGERS,"total") values ('50','83','4','T-XOP-068','Mouse','2','31,5');
Insert into ORA9.API_LOCAT_SIMPLE (ID_LOCATION,ID_CLIENT,ID_TAXI,IMMATRICULATION,NOM_CLI,NBRPASSAGERS,"total") values ('44','83','4','T-XOP-068','Mouse','6','27');
Insert into ORA9.API_LOCAT_SIMPLE (ID_LOCATION,ID_CLIENT,ID_TAXI,IMMATRICULATION,NOM_CLI,NBRPASSAGERS,"total") values ('45','83','6','T-XZY-112','Mouse','4','15');
Insert into ORA9.API_LOCAT_SIMPLE (ID_LOCATION,ID_CLIENT,ID_TAXI,IMMATRICULATION,NOM_CLI,NBRPASSAGERS,"total") values ('46','83','1','T-XAA-001','Mouse','1','145,35');
REM INSERTING into ORA9.API_TAXI_USED
SET DEFINE OFF;
Insert into ORA9.API_TAXI_USED (ID_CLIENT,NOM_CLI,PRENOM_CLI,"utilisation",IMMATRICULATION,ID_TAXI) values ('2','Alucard','Vamp','à utilisé : ','T-XAA-001','1');
Insert into ORA9.API_TAXI_USED (ID_CLIENT,NOM_CLI,PRENOM_CLI,"utilisation",IMMATRICULATION,ID_TAXI) values ('2','Alucard','Vamp','à utilisé : ','T-XZY-112','6');
Insert into ORA9.API_TAXI_USED (ID_CLIENT,NOM_CLI,PRENOM_CLI,"utilisation",IMMATRICULATION,ID_TAXI) values ('2','Alucard','Vamp','à utilisé : ','T-LBB-002','2');
Insert into ORA9.API_TAXI_USED (ID_CLIENT,NOM_CLI,PRENOM_CLI,"utilisation",IMMATRICULATION,ID_TAXI) values ('3','Pithivier','Inconnu','à utilisé : ','T-XFF-010','5');
Insert into ORA9.API_TAXI_USED (ID_CLIENT,NOM_CLI,PRENOM_CLI,"utilisation",IMMATRICULATION,ID_TAXI) values ('3','Pithivier','Inconnu','à utilisé : ','T-LPP-009','25');
Insert into ORA9.API_TAXI_USED (ID_CLIENT,NOM_CLI,PRENOM_CLI,"utilisation",IMMATRICULATION,ID_TAXI) values ('4','Carlin','George','à utilisé : ','T-XAA-001','1');
Insert into ORA9.API_TAXI_USED (ID_CLIENT,NOM_CLI,PRENOM_CLI,"utilisation",IMMATRICULATION,ID_TAXI) values ('4','Carlin','George','à utilisé : ','T-LBB-002','2');
Insert into ORA9.API_TAXI_USED (ID_CLIENT,NOM_CLI,PRENOM_CLI,"utilisation",IMMATRICULATION,ID_TAXI) values ('4','Carlin','George','à utilisé : ','T-XOP-068','4');
Insert into ORA9.API_TAXI_USED (ID_CLIENT,NOM_CLI,PRENOM_CLI,"utilisation",IMMATRICULATION,ID_TAXI) values ('5','Blum','Leon','à utilisé : ','T-LPP-009','25');
Insert into ORA9.API_TAXI_USED (ID_CLIENT,NOM_CLI,PRENOM_CLI,"utilisation",IMMATRICULATION,ID_TAXI) values ('6','Hick','Bill','à utilisé : ','T-XFF-010','5');
Insert into ORA9.API_TAXI_USED (ID_CLIENT,NOM_CLI,PRENOM_CLI,"utilisation",IMMATRICULATION,ID_TAXI) values ('6','Hick','Bill','à utilisé : ','T-LPP-009','25');
Insert into ORA9.API_TAXI_USED (ID_CLIENT,NOM_CLI,PRENOM_CLI,"utilisation",IMMATRICULATION,ID_TAXI) values ('6','Hick','Bill','à utilisé : ','T-XYZ-089','24');
Insert into ORA9.API_TAXI_USED (ID_CLIENT,NOM_CLI,PRENOM_CLI,"utilisation",IMMATRICULATION,ID_TAXI) values ('6','Hick','Bill','à utilisé : ','T-XZY-112','6');
Insert into ORA9.API_TAXI_USED (ID_CLIENT,NOM_CLI,PRENOM_CLI,"utilisation",IMMATRICULATION,ID_TAXI) values ('6','Hick','Bill','à utilisé : ','T-XAA-001','1');
Insert into ORA9.API_TAXI_USED (ID_CLIENT,NOM_CLI,PRENOM_CLI,"utilisation",IMMATRICULATION,ID_TAXI) values ('22','Masterton','Graham','à utilisé : ','T-XZY-112','6');
Insert into ORA9.API_TAXI_USED (ID_CLIENT,NOM_CLI,PRENOM_CLI,"utilisation",IMMATRICULATION,ID_TAXI) values ('22','Masterton','Graham','à utilisé : ','T-XAA-001','1');
Insert into ORA9.API_TAXI_USED (ID_CLIENT,NOM_CLI,PRENOM_CLI,"utilisation",IMMATRICULATION,ID_TAXI) values ('83','Mouse','Mickey','à utilisé : ','T-XAA-001','1');
Insert into ORA9.API_TAXI_USED (ID_CLIENT,NOM_CLI,PRENOM_CLI,"utilisation",IMMATRICULATION,ID_TAXI) values ('83','Mouse','Mickey','à utilisé : ','T-XZY-112','6');
Insert into ORA9.API_TAXI_USED (ID_CLIENT,NOM_CLI,PRENOM_CLI,"utilisation",IMMATRICULATION,ID_TAXI) values ('83','Mouse','Mickey','à utilisé : ','T-XOP-068','4');
REM INSERTING into ORA9.API_TAXI_USED_FULL
SET DEFINE OFF;
Insert into ORA9.API_TAXI_USED_FULL (ID_CLIENT,MAIL,NOM_CLI,PRENOM_CLI,TEL,IMMATRICULATION,ID_TAXI) values ('2','alucard@hellsing.com','Alucard','Vamp','078/66.41.23','T-LBB-002','2');
Insert into ORA9.API_TAXI_USED_FULL (ID_CLIENT,MAIL,NOM_CLI,PRENOM_CLI,TEL,IMMATRICULATION,ID_TAXI) values ('2','alucard@hellsing.com','Alucard','Vamp','078/66.41.23','T-XAA-001','1');
Insert into ORA9.API_TAXI_USED_FULL (ID_CLIENT,MAIL,NOM_CLI,PRENOM_CLI,TEL,IMMATRICULATION,ID_TAXI) values ('2','alucard@hellsing.com','Alucard','Vamp','078/66.41.23','T-XZY-112','6');
Insert into ORA9.API_TAXI_USED_FULL (ID_CLIENT,MAIL,NOM_CLI,PRENOM_CLI,TEL,IMMATRICULATION,ID_TAXI) values ('3','pithivier@gmail.com','Pithivier','Inconnu','067/66.21.23','T-LPP-009','25');
Insert into ORA9.API_TAXI_USED_FULL (ID_CLIENT,MAIL,NOM_CLI,PRENOM_CLI,TEL,IMMATRICULATION,ID_TAXI) values ('3','pithivier@gmail.com','Pithivier','Inconnu','067/66.21.23','T-XFF-010','5');
Insert into ORA9.API_TAXI_USED_FULL (ID_CLIENT,MAIL,NOM_CLI,PRENOM_CLI,TEL,IMMATRICULATION,ID_TAXI) values ('4','george.carlin@gmail.com','Carlin','George','067/66.21.23','T-LBB-002','2');
Insert into ORA9.API_TAXI_USED_FULL (ID_CLIENT,MAIL,NOM_CLI,PRENOM_CLI,TEL,IMMATRICULATION,ID_TAXI) values ('4','george.carlin@gmail.com','Carlin','George','067/66.21.23','T-XAA-001','1');
Insert into ORA9.API_TAXI_USED_FULL (ID_CLIENT,MAIL,NOM_CLI,PRENOM_CLI,TEL,IMMATRICULATION,ID_TAXI) values ('4','george.carlin@gmail.com','Carlin','George','067/66.21.23','T-XOP-068','4');
Insert into ORA9.API_TAXI_USED_FULL (ID_CLIENT,MAIL,NOM_CLI,PRENOM_CLI,TEL,IMMATRICULATION,ID_TAXI) values ('5','blum@gmail.com','Blum','Leon','0479/11.12.24','T-LPP-009','25');
Insert into ORA9.API_TAXI_USED_FULL (ID_CLIENT,MAIL,NOM_CLI,PRENOM_CLI,TEL,IMMATRICULATION,ID_TAXI) values ('6','bill.hicks@gmail.com','Hick','Bill','555-8985','T-LPP-009','25');
Insert into ORA9.API_TAXI_USED_FULL (ID_CLIENT,MAIL,NOM_CLI,PRENOM_CLI,TEL,IMMATRICULATION,ID_TAXI) values ('6','bill.hicks@gmail.com','Hick','Bill','555-8985','T-XAA-001','1');
Insert into ORA9.API_TAXI_USED_FULL (ID_CLIENT,MAIL,NOM_CLI,PRENOM_CLI,TEL,IMMATRICULATION,ID_TAXI) values ('6','bill.hicks@gmail.com','Hick','Bill','555-8985','T-XFF-010','5');
Insert into ORA9.API_TAXI_USED_FULL (ID_CLIENT,MAIL,NOM_CLI,PRENOM_CLI,TEL,IMMATRICULATION,ID_TAXI) values ('6','bill.hicks@gmail.com','Hick','Bill','555-8985','T-XYZ-089','24');
Insert into ORA9.API_TAXI_USED_FULL (ID_CLIENT,MAIL,NOM_CLI,PRENOM_CLI,TEL,IMMATRICULATION,ID_TAXI) values ('6','bill.hicks@gmail.com','Hick','Bill','555-8985','T-XZY-112','6');
Insert into ORA9.API_TAXI_USED_FULL (ID_CLIENT,MAIL,NOM_CLI,PRENOM_CLI,TEL,IMMATRICULATION,ID_TAXI) values ('22','masterton@gmail.com','Masterton','Graham','0478 11 44 55','T-XAA-001','1');
Insert into ORA9.API_TAXI_USED_FULL (ID_CLIENT,MAIL,NOM_CLI,PRENOM_CLI,TEL,IMMATRICULATION,ID_TAXI) values ('22','masterton@gmail.com','Masterton','Graham','0478 11 44 55','T-XZY-112','6');
Insert into ORA9.API_TAXI_USED_FULL (ID_CLIENT,MAIL,NOM_CLI,PRENOM_CLI,TEL,IMMATRICULATION,ID_TAXI) values ('83','mouse@gmail.com','Mouse','Mickey','065/01.02.03','T-XAA-001','1');
Insert into ORA9.API_TAXI_USED_FULL (ID_CLIENT,MAIL,NOM_CLI,PRENOM_CLI,TEL,IMMATRICULATION,ID_TAXI) values ('83','mouse@gmail.com','Mouse','Mickey','065/01.02.03','T-XOP-068','4');
Insert into ORA9.API_TAXI_USED_FULL (ID_CLIENT,MAIL,NOM_CLI,PRENOM_CLI,TEL,IMMATRICULATION,ID_TAXI) values ('83','mouse@gmail.com','Mouse','Mickey','065/01.02.03','T-XZY-112','6');
REM INSERTING into ORA9.API_TOTKM_TAXI
SET DEFINE OFF;
Insert into ORA9.API_TOTKM_TAXI (ID_TAXI,IMMATRICULATION,"total_parcourus") values ('24','T-XYZ-089','8');
Insert into ORA9.API_TOTKM_TAXI (ID_TAXI,IMMATRICULATION,"total_parcourus") values ('5','T-XFF-010','32');
Insert into ORA9.API_TOTKM_TAXI (ID_TAXI,IMMATRICULATION,"total_parcourus") values ('25','T-LPP-009','99');
Insert into ORA9.API_TOTKM_TAXI (ID_TAXI,IMMATRICULATION,"total_parcourus") values ('4','T-XOP-068','51');
Insert into ORA9.API_TOTKM_TAXI (ID_TAXI,IMMATRICULATION,"total_parcourus") values ('1','T-XAA-001','96');
Insert into ORA9.API_TOTKM_TAXI (ID_TAXI,IMMATRICULATION,"total_parcourus") values ('2','T-LBB-002','124');
Insert into ORA9.API_TOTKM_TAXI (ID_TAXI,IMMATRICULATION,"total_parcourus") values ('6','T-XZY-112','36');
REM INSERTING into ORA9.API_TOT_ALL_LOCAT
SET DEFINE OFF;
Insert into ORA9.API_TOT_ALL_LOCAT (TOTAL_ALL) values ('1463,1');
--------------------------------------------------------
--  DDL for Index ADRESSE_UNIQUE
--------------------------------------------------------

  CREATE UNIQUE INDEX "ORA9"."ADRESSE_UNIQUE" ON "ORA9"."APIADRESSE" ("CP", "LOCALITE", "RUE", "NUM") 
  PCTFREE 10 INITRANS 2 MAXTRANS 255 COMPUTE STATISTICS 
  STORAGE(INITIAL 65536 NEXT 1048576 MINEXTENTS 1 MAXEXTENTS 2147483645
  PCTINCREASE 0 FREELISTS 1 FREELIST GROUPS 1
  BUFFER_POOL DEFAULT FLASH_CACHE DEFAULT CELL_FLASH_CACHE DEFAULT)
  TABLESPACE "USERS" ;
--------------------------------------------------------
--  DDL for Index SYS_C0010214
--------------------------------------------------------

  CREATE UNIQUE INDEX "ORA9"."SYS_C0010214" ON "ORA9"."APIADRESSE" ("ID_ADRESSE") 
  PCTFREE 10 INITRANS 2 MAXTRANS 255 COMPUTE STATISTICS 
  STORAGE(INITIAL 65536 NEXT 1048576 MINEXTENTS 1 MAXEXTENTS 2147483645
  PCTINCREASE 0 FREELISTS 1 FREELIST GROUPS 1
  BUFFER_POOL DEFAULT FLASH_CACHE DEFAULT CELL_FLASH_CACHE DEFAULT)
  TABLESPACE "USERS" ;
--------------------------------------------------------
--  DDL for Index SYS_C0010260
--------------------------------------------------------

  CREATE UNIQUE INDEX "ORA9"."SYS_C0010260" ON "ORA9"."APILOCATION" ("ID_LOCATION") 
  PCTFREE 10 INITRANS 2 MAXTRANS 255 COMPUTE STATISTICS 
  STORAGE(INITIAL 65536 NEXT 1048576 MINEXTENTS 1 MAXEXTENTS 2147483645
  PCTINCREASE 0 FREELISTS 1 FREELIST GROUPS 1
  BUFFER_POOL DEFAULT FLASH_CACHE DEFAULT CELL_FLASH_CACHE DEFAULT)
  TABLESPACE "USERS" ;
--------------------------------------------------------
--  DDL for Index SYS_C0010252
--------------------------------------------------------

  CREATE UNIQUE INDEX "ORA9"."SYS_C0010252" ON "ORA9"."APITAXI" ("ID_TAXI") 
  PCTFREE 10 INITRANS 2 MAXTRANS 255 COMPUTE STATISTICS 
  STORAGE(INITIAL 65536 NEXT 1048576 MINEXTENTS 1 MAXEXTENTS 2147483645
  PCTINCREASE 0 FREELISTS 1 FREELIST GROUPS 1
  BUFFER_POOL DEFAULT FLASH_CACHE DEFAULT CELL_FLASH_CACHE DEFAULT)
  TABLESPACE "USERS" ;
--------------------------------------------------------
--  DDL for Index SYS_C0010253
--------------------------------------------------------

  CREATE UNIQUE INDEX "ORA9"."SYS_C0010253" ON "ORA9"."APITAXI" ("IMMATRICULATION") 
  PCTFREE 10 INITRANS 2 MAXTRANS 255 COMPUTE STATISTICS 
  STORAGE(INITIAL 65536 NEXT 1048576 MINEXTENTS 1 MAXEXTENTS 2147483645
  PCTINCREASE 0 FREELISTS 1 FREELIST GROUPS 1
  BUFFER_POOL DEFAULT FLASH_CACHE DEFAULT CELL_FLASH_CACHE DEFAULT)
  TABLESPACE "USERS" ;
--------------------------------------------------------
--  DDL for Index SYS_C0010209
--------------------------------------------------------

  CREATE UNIQUE INDEX "ORA9"."SYS_C0010209" ON "ORA9"."APITCLIENT" ("ID_CLIENT") 
  PCTFREE 10 INITRANS 2 MAXTRANS 255 COMPUTE STATISTICS 
  STORAGE(INITIAL 65536 NEXT 1048576 MINEXTENTS 1 MAXEXTENTS 2147483645
  PCTINCREASE 0 FREELISTS 1 FREELIST GROUPS 1
  BUFFER_POOL DEFAULT FLASH_CACHE DEFAULT CELL_FLASH_CACHE DEFAULT)
  TABLESPACE "USERS" ;
--------------------------------------------------------
--  DDL for Index SYS_C0010210
--------------------------------------------------------

  CREATE UNIQUE INDEX "ORA9"."SYS_C0010210" ON "ORA9"."APITCLIENT" ("MAIL") 
  PCTFREE 10 INITRANS 2 MAXTRANS 255 COMPUTE STATISTICS 
  STORAGE(INITIAL 65536 NEXT 1048576 MINEXTENTS 1 MAXEXTENTS 2147483645
  PCTINCREASE 0 FREELISTS 1 FREELIST GROUPS 1
  BUFFER_POOL DEFAULT FLASH_CACHE DEFAULT CELL_FLASH_CACHE DEFAULT)
  TABLESPACE "USERS" ;
--------------------------------------------------------
--  DDL for Trigger APIADRESSE_TRG
--------------------------------------------------------

  CREATE OR REPLACE EDITIONABLE TRIGGER "ORA9"."APIADRESSE_TRG" 
BEFORE INSERT ON APIADRESSE 
FOR EACH ROW 
BEGIN
  <<COLUMN_SEQUENCES>>
  BEGIN
    IF INSERTING AND :NEW.ID_ADRESSE IS NULL THEN
      SELECT APIADRESSE_SEQ.NEXTVAL INTO :NEW.ID_ADRESSE FROM SYS.DUAL;
    END IF;
  END COLUMN_SEQUENCES;
END;
/
ALTER TRIGGER "ORA9"."APIADRESSE_TRG" ENABLE;
--------------------------------------------------------
--  DDL for Trigger APILOCATION_TRG
--------------------------------------------------------

  CREATE OR REPLACE EDITIONABLE TRIGGER "ORA9"."APILOCATION_TRG" 
BEFORE INSERT ON APILOCATION 
FOR EACH ROW 
BEGIN
  <<COLUMN_SEQUENCES>>
  BEGIN
    IF INSERTING AND :NEW.ID_LOCATION IS NULL THEN
      SELECT APILOCATION_SEQ.NEXTVAL INTO :NEW.ID_LOCATION FROM SYS.DUAL;
    END IF;
  END COLUMN_SEQUENCES;
END;
/
ALTER TRIGGER "ORA9"."APILOCATION_TRG" ENABLE;
--------------------------------------------------------
--  DDL for Trigger APITAXI_TRG
--------------------------------------------------------

  CREATE OR REPLACE EDITIONABLE TRIGGER "ORA9"."APITAXI_TRG" 
BEFORE INSERT ON APITAXI 
FOR EACH ROW 
BEGIN
  <<COLUMN_SEQUENCES>>
  BEGIN
    IF INSERTING AND :NEW.ID_TAXI IS NULL THEN
      SELECT APITAXI_SEQ.NEXTVAL INTO :NEW.ID_TAXI FROM SYS.DUAL;
    END IF;
  END COLUMN_SEQUENCES;
END;
/
ALTER TRIGGER "ORA9"."APITAXI_TRG" ENABLE;
--------------------------------------------------------
--  DDL for Trigger APITCLIENT_TRG
--------------------------------------------------------

  CREATE OR REPLACE EDITIONABLE TRIGGER "ORA9"."APITCLIENT_TRG" 
BEFORE INSERT ON APITCLIENT 
FOR EACH ROW 
BEGIN
  <<COLUMN_SEQUENCES>>
  BEGIN
    IF INSERTING AND :NEW.ID_CLIENT IS NULL THEN
      SELECT APITCLIENT_SEQ.NEXTVAL INTO :NEW.ID_CLIENT FROM SYS.DUAL;
    END IF;
  END COLUMN_SEQUENCES;
END;
/
ALTER TRIGGER "ORA9"."APITCLIENT_TRG" ENABLE;
--------------------------------------------------------
--  DDL for Trigger INSERT_PRIXTOT_TRIGGER
--------------------------------------------------------

  CREATE OR REPLACE EDITIONABLE TRIGGER "ORA9"."INSERT_PRIXTOT_TRIGGER" 
BEFORE INSERT OR UPDATE ON APILOCATION
FOR EACH ROW
DECLARE
  v_prixkm NUMBER;
BEGIN
    get_prixkm(:new.id_taxi,v_prixkm);
    :new.total := v_prixkm*:new.kmtotal;
END;
/
ALTER TRIGGER "ORA9"."INSERT_PRIXTOT_TRIGGER" ENABLE;
--------------------------------------------------------
--  DDL for Trigger VERIF_PLACESTAXI_TRIGGER
--------------------------------------------------------

  CREATE OR REPLACE EDITIONABLE TRIGGER "ORA9"."VERIF_PLACESTAXI_TRIGGER" 
AFTER INSERT OR UPDATE ON apilocation
FOR EACH ROW
BEGIN
  IF :new.nbrpassagers > get_nbrmaxpass(:new.id_taxi) THEN
    raise_application_error(-20002, 'Nombre de passagers trop important pour ce taxi');
  END IF;
END;
/
ALTER TRIGGER "ORA9"."VERIF_PLACESTAXI_TRIGGER" ENABLE;
--------------------------------------------------------
--  DDL for Procedure GET_LOC_TOTAL
--------------------------------------------------------
set define off;

  CREATE OR REPLACE EDITIONABLE PROCEDURE "ORA9"."GET_LOC_TOTAL" (idloc NUMBER, tot_loc OUT NUMBER)
IS
v_prixkm NUMBER;
v_km NUMBER;
v_id_taxi NUMBER;

BEGIN
    SELECT kmtotal INTO v_km FROM apilocation WHERE id_location=idloc;
    SELECT id_taxi INTO v_id_taxi FROM apilocation WHERE id_location=idloc;
    SELECT prixkm INTO v_prixkm FROM apitaxi WHERE id_taxi=v_id_taxi;

    tot_loc:=v_km*v_prixkm;
EXCEPTION
    WHEN NO_DATA_FOUND THEN
        tot_loc:=NULL;
    WHEN OTHERS THEN
        tot_loc:=NULL;

END;

/
--------------------------------------------------------
--  DDL for Procedure GET_PRIXKM
--------------------------------------------------------
set define off;

  CREATE OR REPLACE EDITIONABLE PROCEDURE "ORA9"."GET_PRIXKM" (idtaxi NUMBER, v_prixkm OUT NUMBER)
IS
BEGIN
  SELECT prixkm INTO v_prixkm FROM apitaxi WHERE id_taxi=idtaxi;  
END;

/
--------------------------------------------------------
--  DDL for Procedure GET_TOT
--------------------------------------------------------
set define off;

  CREATE OR REPLACE EDITIONABLE PROCEDURE "ORA9"."GET_TOT" (id_locat apilocation.id_location%TYPE, loc_total OUT NUMBER )
IS
    v_prixkm APITAXI.prixkm%TYPE;
    v_kmtot APILOCATION.kmtotal%TYPE;
BEGIN
    SELECT t.prixkm, l.kmtotal 
    INTO v_prixkm, v_kmtot 
    FROM ORA9.APILOCATION l 
    JOIN ORA9.APITAXI t ON l.id_taxi = t.id_taxi 
    WHERE l.id_location = id_locat;

    loc_total := v_kmtot * v_prixkm;

EXCEPTION
    WHEN NO_DATA_FOUND THEN
        loc_total := NULL;
    WHEN OTHERS THEN
        loc_total := NULL;
END;

/
--------------------------------------------------------
--  DDL for Procedure GET_TOT_LOCAT
--------------------------------------------------------
set define off;

  CREATE OR REPLACE EDITIONABLE PROCEDURE "ORA9"."GET_TOT_LOCAT" (id_locat NUMBER, loc_total OUT NUMBER )
IS
    v_ligne API_LOCAT_FULL%ROWTYPE;
BEGIN
    SELECT * INTO v_ligne FROM API_LOCAT_FULL WHERE id_location=id_locat;
    loc_total:=v_ligne.prixkm*v_ligne.kmtotal;
EXCEPTION
    WHEN NO_DATA_FOUND THEN
        loc_total:=NULL;
    WHEN OTHERS THEN
        loc_total:=NULL;
END;    

/
--------------------------------------------------------
--  DDL for Function CLIENT_BY_TAXI
--------------------------------------------------------

  CREATE OR REPLACE EDITIONABLE FUNCTION "ORA9"."CLIENT_BY_TAXI" (idtaxi apilocation.id_taxi%TYPE)
RETURN SYS_REFCURSOR
AS 
    c_liste SYS_REFCURSOR;
BEGIN
    OPEN c_liste FOR SELECT * FROM apitclient WHERE id_client IN (SELECT id_client FROM apilocation WHERE id_taxi = idtaxi);

    return c_liste;

END;

/
--------------------------------------------------------
--  DDL for Function GET_LOCAT_DAY
--------------------------------------------------------

  CREATE OR REPLACE EDITIONABLE FUNCTION "ORA9"."GET_LOCAT_DAY" (datelocat apilocation.dateloc%TYPE, total_j OUT NUMBER)
RETURN SYS_REFCURSOR
IS
    c_locat SYS_REFCURSOR:=null;
BEGIN
    SELECT SUM(total) INTO total_j FROM apilocation WHERE dateloc=TO_DATE(datelocat,'DD/MM/YY');
    OPEN c_locat FOR SELECT * FROM APILOCATION WHERE dateloc=TO_DATE(datelocat,'DD/MM/YY');

    RETURN c_locat;

EXCEPTION
    WHEN NO_DATA_FOUND THEN
        return c_locat;
END;

/
--------------------------------------------------------
--  DDL for Function GET_NBRMAXPASS
--------------------------------------------------------

  CREATE OR REPLACE EDITIONABLE FUNCTION "ORA9"."GET_NBRMAXPASS" (idtaxi IN  apitaxi.id_taxi%TYPE)
RETURN NUMBER
IS
  max_passengers NUMBER;
BEGIN
  SELECT nbremaxpassagers INTO max_passengers FROM APITAXI WHERE id_taxi = idtaxi;
  RETURN max_passengers;

  EXCEPTION
    WHEN NO_DATA_FOUND THEN
      RETURN -1;
    WHEN OTHERS THEN
        RETURN -2;
END;

/
--------------------------------------------------------
--  DDL for Function GET_NBR_LOCAT
--------------------------------------------------------

  CREATE OR REPLACE EDITIONABLE FUNCTION "ORA9"."GET_NBR_LOCAT" (idtaxi apilocation.id_taxi%TYPE, datelocat apilocation.dateloc%TYPE, tot_locat OUT NUMBER)
RETURN NUMBER
IS  
    v_nbr_loc NUMBER;
BEGIN
    SELECT COUNT(id_location) INTO v_nbr_loc FROM apilocation WHERE id_taxi=idtaxi AND dateloc=datelocat;

    IF v_nbr_loc > 0 THEN
        SELECT SUM(prixkm*kmtotal) INTO tot_locat FROM API_LOCAT_FULL WHERE id_taxi=idtaxi AND dateloc=datelocat;
    ELSE
        tot_locat:=0;
    END IF;

    RETURN v_nbr_loc;

EXCEPTION
    WHEN NO_DATA_FOUND THEN
        v_nbr_loc:=0;
        RETURN v_nbr_loc;
    WHEN OTHERS THEN
        v_nbr_loc:=-1;
        RETURN v_nbr_loc;
END;

/
--------------------------------------------------------
--  DDL for Function GET_TAXIS_NBRPASS
--------------------------------------------------------

  CREATE OR REPLACE EDITIONABLE FUNCTION "ORA9"."GET_TAXIS_NBRPASS" ( nbrpass apitaxi.nbremaxpassagers%TYPE)
RETURN SYS_REFCURSOR
IS
    taxis SYS_REFCURSOR:=NULL;
BEGIN
    OPEN taxis FOR SELECT * FROM apitaxi WHERE nbremaxpassagers >= nbrpass;


    RETURN taxis;
EXCEPTION
    WHEN NO_DATA_FOUND THEN
        RETURN taxis;
    WHEN OTHERS THEN
        RETURN taxis;
END;

/
--------------------------------------------------------
--  DDL for Function TAXI_ADD_CLIENT
--------------------------------------------------------

  CREATE OR REPLACE EDITIONABLE FUNCTION "ORA9"."TAXI_ADD_CLIENT" (
    email apitclient.mail%TYPE,
    nom apitclient.nom_cli%TYPE,
    prenom apitclient.prenom_cli%TYPE, 
    phone apitclient.tel%TYPE
    )
RETURN NUMBER
IS
    v_id_client NUMBER:=NULL;
BEGIN
    SELECT id_client INTO v_id_client FROM APITCLIENT WHERE mail=email;
    RETURN v_id_client;

EXCEPTION
    WHEN NO_DATA_FOUND THEN
        INSERT INTO apitclient(mail,nom_cli,prenom_cli,tel) VALUES(email,nom,prenom,phone);
        COMMIT;
        SELECT id_client INTO v_id_client FROM APITCLIENT WHERE mail=email;
        RETURN v_id_client;
    WHEN OTHERS THEN
        v_id_client:=null;
        return v_id_client;
END;

/
--------------------------------------------------------
--  Constraints for Table APIADRESSE
--------------------------------------------------------

  ALTER TABLE "ORA9"."APIADRESSE" ADD CONSTRAINT "ADRESSE_UNIQUE" UNIQUE ("CP", "LOCALITE", "RUE", "NUM")
  USING INDEX PCTFREE 10 INITRANS 2 MAXTRANS 255 COMPUTE STATISTICS 
  STORAGE(INITIAL 65536 NEXT 1048576 MINEXTENTS 1 MAXEXTENTS 2147483645
  PCTINCREASE 0 FREELISTS 1 FREELIST GROUPS 1
  BUFFER_POOL DEFAULT FLASH_CACHE DEFAULT CELL_FLASH_CACHE DEFAULT)
  TABLESPACE "USERS"  ENABLE;
  ALTER TABLE "ORA9"."APIADRESSE" ADD CONSTRAINT "APIADRESSE_CP_CHK" CHECK (cp BETWEEN 1000 AND 9992) ENABLE;
  ALTER TABLE "ORA9"."APIADRESSE" MODIFY ("CP" NOT NULL ENABLE);
  ALTER TABLE "ORA9"."APIADRESSE" MODIFY ("LOCALITE" NOT NULL ENABLE);
  ALTER TABLE "ORA9"."APIADRESSE" MODIFY ("RUE" NOT NULL ENABLE);
  ALTER TABLE "ORA9"."APIADRESSE" ADD PRIMARY KEY ("ID_ADRESSE")
  USING INDEX PCTFREE 10 INITRANS 2 MAXTRANS 255 COMPUTE STATISTICS 
  STORAGE(INITIAL 65536 NEXT 1048576 MINEXTENTS 1 MAXEXTENTS 2147483645
  PCTINCREASE 0 FREELISTS 1 FREELIST GROUPS 1
  BUFFER_POOL DEFAULT FLASH_CACHE DEFAULT CELL_FLASH_CACHE DEFAULT)
  TABLESPACE "USERS"  ENABLE;
--------------------------------------------------------
--  Constraints for Table APILOCATION
--------------------------------------------------------

  ALTER TABLE "ORA9"."APILOCATION" MODIFY ("DATELOC" NOT NULL ENABLE);
  ALTER TABLE "ORA9"."APILOCATION" MODIFY ("NBRPASSAGERS" NOT NULL ENABLE);
  ALTER TABLE "ORA9"."APILOCATION" MODIFY ("ID_TAXI" NOT NULL ENABLE);
  ALTER TABLE "ORA9"."APILOCATION" MODIFY ("ID_ADRESSE" NOT NULL ENABLE);
  ALTER TABLE "ORA9"."APILOCATION" MODIFY ("ID_ADRESSE_1" NOT NULL ENABLE);
  ALTER TABLE "ORA9"."APILOCATION" MODIFY ("ID_CLIENT" NOT NULL ENABLE);
  ALTER TABLE "ORA9"."APILOCATION" ADD PRIMARY KEY ("ID_LOCATION")
  USING INDEX PCTFREE 10 INITRANS 2 MAXTRANS 255 COMPUTE STATISTICS 
  STORAGE(INITIAL 65536 NEXT 1048576 MINEXTENTS 1 MAXEXTENTS 2147483645
  PCTINCREASE 0 FREELISTS 1 FREELIST GROUPS 1
  BUFFER_POOL DEFAULT FLASH_CACHE DEFAULT CELL_FLASH_CACHE DEFAULT)
  TABLESPACE "USERS"  ENABLE;
  ALTER TABLE "ORA9"."APILOCATION" ADD CONSTRAINT "APILOCATION_KMTOT_CHK" CHECK (kmtotal > 0) ENABLE;
  ALTER TABLE "ORA9"."APILOCATION" ADD CONSTRAINT "APILOCATION_NBRPASS_CHK" CHECK (nbrpassagers > 0) ENABLE;
  ALTER TABLE "ORA9"."APILOCATION" ADD CONSTRAINT "APILOCATION_TOT_CHK" CHECK (total > 0) ENABLE;
--------------------------------------------------------
--  Constraints for Table APITAXI
--------------------------------------------------------

  ALTER TABLE "ORA9"."APITAXI" ADD CONSTRAINT "APITAXI_PASSAGER_CHK1" CHECK (nbreMaxPassagers > 0) ENABLE;
  ALTER TABLE "ORA9"."APITAXI" ADD CONSTRAINT "APITAXI_PRIX_CHK1" CHECK (PRIXKM > 0) ENABLE;
  ALTER TABLE "ORA9"."APITAXI" MODIFY ("IMMATRICULATION" NOT NULL ENABLE);
  ALTER TABLE "ORA9"."APITAXI" MODIFY ("NBREMAXPASSAGERS" NOT NULL ENABLE);
  ALTER TABLE "ORA9"."APITAXI" MODIFY ("PRIXKM" NOT NULL ENABLE);
  ALTER TABLE "ORA9"."APITAXI" ADD PRIMARY KEY ("ID_TAXI")
  USING INDEX PCTFREE 10 INITRANS 2 MAXTRANS 255 COMPUTE STATISTICS 
  STORAGE(INITIAL 65536 NEXT 1048576 MINEXTENTS 1 MAXEXTENTS 2147483645
  PCTINCREASE 0 FREELISTS 1 FREELIST GROUPS 1
  BUFFER_POOL DEFAULT FLASH_CACHE DEFAULT CELL_FLASH_CACHE DEFAULT)
  TABLESPACE "USERS"  ENABLE;
  ALTER TABLE "ORA9"."APITAXI" ADD UNIQUE ("IMMATRICULATION")
  USING INDEX PCTFREE 10 INITRANS 2 MAXTRANS 255 COMPUTE STATISTICS 
  STORAGE(INITIAL 65536 NEXT 1048576 MINEXTENTS 1 MAXEXTENTS 2147483645
  PCTINCREASE 0 FREELISTS 1 FREELIST GROUPS 1
  BUFFER_POOL DEFAULT FLASH_CACHE DEFAULT CELL_FLASH_CACHE DEFAULT)
  TABLESPACE "USERS"  ENABLE;
  ALTER TABLE "ORA9"."APITAXI" ADD CONSTRAINT "APITAXI_IMMAT_CHK" CHECK (REGEXP_LIKE (immatriculation , '^[T]{1}\-([L]{1}||[X]{1})[A-Z]{2}\-[0-9]{3}$')) ENABLE;
--------------------------------------------------------
--  Constraints for Table APITCLIENT
--------------------------------------------------------

  ALTER TABLE "ORA9"."APITCLIENT" MODIFY ("MAIL" NOT NULL ENABLE);
  ALTER TABLE "ORA9"."APITCLIENT" MODIFY ("NOM_CLI" NOT NULL ENABLE);
  ALTER TABLE "ORA9"."APITCLIENT" MODIFY ("PRENOM_CLI" NOT NULL ENABLE);
  ALTER TABLE "ORA9"."APITCLIENT" ADD CONSTRAINT "APITCLIENT_TEL_CHK" CHECK (REGEXP_LIKE (tel, '^([04]+[0-9]{2}||[0-9]{3})\/[0-9]{2}\.[0-9]{2}\.[0-9]{2}$')) DISABLE;
  ALTER TABLE "ORA9"."APITCLIENT" ADD CONSTRAINT "APITCLIENT_MAIL_CHK" CHECK (REGEXP_LIKE (mail , '^[A-Za-z]+[A-Za-z0-9.]+@[A-Za-z0-9.-]+\.[A-Za-z]{2,4}$')) ENABLE;
  ALTER TABLE "ORA9"."APITCLIENT" MODIFY ("TEL" NOT NULL ENABLE);
  ALTER TABLE "ORA9"."APITCLIENT" ADD PRIMARY KEY ("ID_CLIENT")
  USING INDEX PCTFREE 10 INITRANS 2 MAXTRANS 255 COMPUTE STATISTICS 
  STORAGE(INITIAL 65536 NEXT 1048576 MINEXTENTS 1 MAXEXTENTS 2147483645
  PCTINCREASE 0 FREELISTS 1 FREELIST GROUPS 1
  BUFFER_POOL DEFAULT FLASH_CACHE DEFAULT CELL_FLASH_CACHE DEFAULT)
  TABLESPACE "USERS"  ENABLE;
  ALTER TABLE "ORA9"."APITCLIENT" ADD UNIQUE ("MAIL")
  USING INDEX PCTFREE 10 INITRANS 2 MAXTRANS 255 COMPUTE STATISTICS 
  STORAGE(INITIAL 65536 NEXT 1048576 MINEXTENTS 1 MAXEXTENTS 2147483645
  PCTINCREASE 0 FREELISTS 1 FREELIST GROUPS 1
  BUFFER_POOL DEFAULT FLASH_CACHE DEFAULT CELL_FLASH_CACHE DEFAULT)
  TABLESPACE "USERS"  ENABLE;
--------------------------------------------------------
--  Ref Constraints for Table APILOCATION
--------------------------------------------------------

  ALTER TABLE "ORA9"."APILOCATION" ADD FOREIGN KEY ("ID_TAXI")
	  REFERENCES "ORA9"."APITAXI" ("ID_TAXI") ENABLE;
  ALTER TABLE "ORA9"."APILOCATION" ADD FOREIGN KEY ("ID_ADRESSE")
	  REFERENCES "ORA9"."APIADRESSE" ("ID_ADRESSE") ENABLE;
  ALTER TABLE "ORA9"."APILOCATION" ADD FOREIGN KEY ("ID_ADRESSE_1")
	  REFERENCES "ORA9"."APIADRESSE" ("ID_ADRESSE") ENABLE;
  ALTER TABLE "ORA9"."APILOCATION" ADD FOREIGN KEY ("ID_CLIENT")
	  REFERENCES "ORA9"."APITCLIENT" ("ID_CLIENT") ENABLE;
